TDSFU Daily run: Sun Oct 26 04:41:17 UTC 2025 TDSFU
TDSFU Daily run: Mon Oct 27 04:52:18 UTC 2025 TDSFU
TDSFU Daily run: Tue Oct 28 04:45:18 UTC 2025 TDSFU
TDSFU Daily run: Wed Oct 29 04:49:19 UTC 2025 TDSFU
TDSFU Daily run: Thu Oct 30 04:44:12 UTC 2025 TDSFU
TDSFU Daily run: Fri Oct 31 04:58:06 UTC 2025 TDSFU
TDSFU Daily run: Sat Nov  1 04:40:09 UTC 2025 TDSFU
TDSFU Daily run: Sun Nov  2 04:44:10 UTC 2025 TDSFU
TDSFU Daily run: Mon Nov  3 04:51:26 UTC 2025 TDSFU
TDSFU Daily run: Tue Nov  4 04:45:22 UTC 2025 TDSFU
